seq,endpoints,work_type,note
1,Queensboro|Fort Johnson,rebuild,Queensboro-James Island section
2,Union Pier,new_line,115 kV tap to future Union Pier sub (Charleston)
3,Okatie,substation,Okatie sub expansion + fold-in of Jasper-Yemassee 230 kV #1
4,Cainhoy|Hamlin,rebuild,rebuild + new #2 line
5,Eastover|Square D,rebuild,
6,Burton|Frogmore,rebuild,Burton-Frogmore section
7,Frogmore|St Helena,rebuild,Frogmore Distribution Tap-St Helena section
8,V C Summer|Denny Terrace,rebuild,VCS1-Denny Terrace & VCS1-Pineland single-circuit sections
9,Wateree|Killian,rebuild,
10,Okatie|Bluffton,rebuild,
11,Hopkins|CIP,rebuild,
12,Faber Place|Bayfront,rebuild,North Bridge Terrace-Bayfront section
13,Square D|Hopkins,rebuild,
14,Stevens Creek|Hooks,rebuild,9.5 mi SPDC corridor rebuild
15,Stevens Creek|Hooks,reconductor,6.5 mi conductor upgrade + SPDC
16,Edenwood,substation_equipment,autobank replacement
17,Williams Street,substation_equipment,switch houses + relays (Williams St / AM Williams / McMeekin)
18,Harleyville,new_line,1.4 mi extension from Blue Circle tap
19,Summerville,substation_equipment,spare 336 MVA autobank
20,Canadys|Ritter,rebuild,18 mi SPDC 230/115 kV
21,Yemassee|Ritter,new_line,new SPDC 230 kV #1 & #2
22,Okatie|Riverport,new_line,new 230 kV tap to Riverport
23,Jasper|Okatie,new_line,6.5 mi new 230 kV
24,Wagener,new_line,115 kV tap off Edmund-Owens Corning
25,Church Creek|Ritter,rebuild,replace 38 angle/dead-end structures
26,V C Summer|Ward,rebuild,40 mi 230 kV rebuild
27,Goose Creek,rebuild,reservoir crossings of Williams-Goose Creek lines
28,Summerville,rebuild,Summerville 115 kV loop
29,Santee,rebuild,Santee sub to Duke/Progress tie
30,Coit|Gills Creek,new_line,33 kV -> 115 kV conversion 1.25 mi
31,Hooks|Thurmond,rebuild,2.3 mi on existing ROW
32,Batesburg|Saluda,rebuild,13.5 mi
33,Scout|V C Summer,new_line,Scout customer sub fold-in
34,Dawson|Canadys,new_line,new Dawson sub + fold-ins + rebuild
35,Urquhart|Toolebeck,rebuild,12.5 mi SPDC
36,Williams|Summerville,rebuild,Ladson Jct-Williams section; SPDC-ready
37,Cainhoy|Clements Ferry,new_line,2.8 mi tap
38,Jack Primus|Clements Ferry,new_line,2.2 mi tap
39,Church Creek|Faber Place|Charleston,new_line,new 230 kV + rebuilds
40,Eastover|Sumter,rebuild,DESC section of DEP tie (~1 mi)
41,Cameron|Elloree,rebuild,7.3 mi 46 kV
42,Elloree|Santee,rebuild,7 mi 46 kV
43,Urquhart|Aiken,rebuild,4.5 mi 46 kV
44,Cameron|St Matthews,rebuild,9.8 mi 46 kV
